Pregnancies,Glucose,BloodPressure,SkinThickness,Insulin,BMI,DiabetesPedigreeFunction,Age,Risk,Advice
2.0,120.0,70.0,30.0,100.0,25.0,1.0,35.0,Low,Your risk is low. Maintain your healthy lifestyle!
2.0,450.0,120.0,30.0,32.0,70.0,23.0,45.0,High,"Your risk is high. Reduce sugar, exercise daily, and visit a doctor."
2.0,100.0,100.0,90.0,678.0,60.0,1.0,40.0,High,"‚ö†Ô∏è Your diabetes risk appears **high**. Let's break it down:

‚Ä¢ Your BMI (60.0) indicates obesity. Aim for gradual weight loss through 30 mins of brisk walking daily.
‚Ä¢ High insulin levels (678.0) may mean insulin resistance. Include more fiber (like oats, salads, fruits).

ü©∫ **General Tips:**
- Get a full medical checkup soon.
- Follow a balanced diet (more greens, fewer carbs).
- Track your fasting sugar weekly.
- Manage stress with yoga or meditation.
- Drink plenty of water.
"
2.0,100.0,100.0,90.0,678.0,60.0,1.0,40.0,High,"‚ö†Ô∏è Your diabetes risk appears **high**. Let's break it down:

‚Ä¢ Your BMI (60.0) indicates obesity. Aim for gradual weight loss through 30 mins of brisk walking daily.
‚Ä¢ High insulin levels (678.0) may mean insulin resistance. Include more fiber (like oats, salads, fruits).

ü©∫ **General Tips:**
- Get a full medical checkup soon.
- Follow a balanced diet (more greens, fewer carbs).
- Track your fasting sugar weekly.
- Manage stress with yoga or meditation.
- Drink plenty of water.
"
2.0,100.0,100.0,90.0,678.0,60.0,1.0,40.0,High,"‚ö†Ô∏è Your diabetes risk appears **high**. Let's break it down:

‚Ä¢ Your BMI (60.0) indicates obesity. Aim for gradual weight loss through 30 mins of brisk walking daily.
‚Ä¢ High insulin levels (678.0) may mean insulin resistance. Include more fiber (like oats, salads, fruits).

ü©∫ **General Tips:**
- Get a full medical checkup soon.
- Follow a balanced diet (more greens, fewer carbs).
- Track your fasting sugar weekly.
- Manage stress with yoga or meditation.
- Drink plenty of water.
"
2.0,100.0,100.0,90.0,678.0,60.0,1.0,40.0,High,"‚ö†Ô∏è Your diabetes risk appears **high**. Let's break it down:

‚Ä¢ Your BMI (60.0) indicates obesity. Aim for gradual weight loss through 30 mins of brisk walking daily.
‚Ä¢ High insulin levels (678.0) may mean insulin resistance. Include more fiber (like oats, salads, fruits).

ü©∫ **General Tips:**
- Get a full medical checkup soon.
- Follow a balanced diet (more greens, fewer carbs).
- Track your fasting sugar weekly.
- Manage stress with yoga or meditation.
- Drink plenty of water.
"
2.0,100.0,100.0,90.0,678.0,60.0,1.0,40.0,High,"‚ö†Ô∏è Your diabetes risk appears **high**. Let's break it down:

‚Ä¢ Your BMI (60.0) indicates obesity. Aim for gradual weight loss through 30 mins of brisk walking daily.
‚Ä¢ High insulin levels (678.0) may mean insulin resistance. Include more fiber (like oats, salads, fruits).

ü©∫ **General Tips:**
- Get a full medical checkup soon.
- Follow a balanced diet (more greens, fewer carbs).
- Track your fasting sugar weekly.
- Manage stress with yoga or meditation.
- Drink plenty of water.
"
2.0,100.0,100.0,90.0,678.0,60.0,1.0,40.0,High,"‚ö†Ô∏è Your diabetes risk appears **high**. Let's break it down:

‚Ä¢ Your BMI (60.0) indicates obesity. Aim for gradual weight loss through 30 mins of brisk walking daily.
‚Ä¢ High insulin levels (678.0) may mean insulin resistance. Include more fiber (like oats, salads, fruits).

ü©∫ **General Tips:**
- Get a full medical checkup soon.
- Follow a balanced diet (more greens, fewer carbs).
- Track your fasting sugar weekly.
- Manage stress with yoga or meditation.
- Drink plenty of water.
"
2.0,100.0,120.0,89.0,670.0,60.0,1.0,40.0,High,"‚ö†Ô∏è Your diabetes risk appears **high**. Let's break it down:

‚Ä¢ Your BMI (60.0) indicates obesity. Aim for gradual weight loss through 30 mins of brisk walking daily.
‚Ä¢ High insulin levels (670.0) may mean insulin resistance. Include more fiber (like oats, salads, fruits).

ü©∫ **General Tips:**
- Get a full medical checkup soon.
- Follow a balanced diet (more greens, fewer carbs).
- Track your fasting sugar weekly.
- Manage stress with yoga or meditation.
- Drink plenty of water.
"
0.0,170.0,120.0,60.0,450.0,30.0,0.09,26.0,Low,"‚úÖ Your diabetes risk appears **low** ‚Äî great job maintaining your health!

üåø **Keep it up:**
- Continue eating balanced meals.
- Stay active at least 30 mins daily.
- Drink enough water and get proper sleep.
- Avoid excessive sugar to stay in this safe zone.
- Go for annual checkups even if you feel fine.
"
15.0,150.0,100.0,55.0,700.0,30.0,1.0,25.0,Low,"‚úÖ Your diabetes risk appears **low** ‚Äî great job maintaining your health!

üåø **Keep it up:**
- Continue eating balanced meals.
- Stay active at least 30 mins daily.
- Drink enough water and get proper sleep.
- Avoid excessive sugar to stay in this safe zone.
- Go for annual checkups even if you feel fine.
"
